box_wkt,box_class,box_confidence
"POLYGON((550769.9952148438 179906.4764404297, 550813.7523925782 179906.4764404297, 550813.7523925782 179970.34674987794, 550769.9952148438 179970.34674987794, 550769.9952148438 179906.4764404297))",pier,0.2549138069152832
"POLYGON((550958.3069335937 179964.3364807129, 550963.6420898438 179964.3364807129, 550963.6420898438 179968.35284729005, 550958.3069335937 179968.35284729005, 550958.3069335937 179964.3364807129))",pier,0.16091422736644745
"POLYGON((550807.6208007813 179872.1326538086, 550840.1616210938 179872.1326538086, 550840.1616210938 179956.32705993654, 550807.6208007813 179956.32705993654, 550807.6208007813 179872.1326538086))",pier,0.21750018000602722
"POLYGON((550853.6561523437 179808.63248291015, 550873.024609375 179808.63248291015, 550873.024609375 179817.77086181642, 550853.6561523437 179817.77086181642, 550853.6561523437 179808.63248291015))",pier,0.21664081513881683
"POLYGON((550822.109375 179871.26625976563, 550840.1422851563 179871.26625976563, 550840.1422851563 179903.4298828125, 550822.109375 179903.4298828125, 550822.109375 179871.26625976563))",pier,0.21738159656524658
"POLYGON((550815.3468261719 179840.0169189453, 550824.96484375 179840.0169189453, 550824.96484375 179856.32120361328, 550815.3468261719 179856.32120361328, 550815.3468261719 179840.0169189453))",pier,0.1640465259552002
"POLYGON((550862.3543945312 179713.91186523438, 550957.6224609375 179713.91186523438, 550957.6224609375 179755.1218017578, 550862.3543945312 179755.1218017578, 550862.3543945312 179713.91186523438))",pier,0.27221858501434326
"POLYGON((550859.7108398437 179750.8253173828, 550877.3884765625 179750.8253173828, 550877.3884765625 179769.31796875, 550859.7108398437 179769.31796875, 550859.7108398437 179750.8253173828))",pier,0.1911168247461319
"POLYGON((550865.944921875 179614.15935058595, 550961.3364257812 179614.15935058595, 550961.3364257812 179704.3751953125, 550865.944921875 179704.3751953125, 550865.944921875 179614.15935058595))",pier,0.24387076497077942
"POLYGON((550863.8091796875 179649.2123046875, 550883.802734375 179649.2123046875, 550883.802734375 179665.89638671876, 550863.8091796875 179665.89638671876, 550863.8091796875 179649.2123046875))",pier,0.16883260011672974
"POLYGON((550931.7680664062 179615.76059570312, 550939.9510742187 179615.76059570312, 550939.9510742187 179628.014453125, 550931.7680664062 179628.014453125, 550931.7680664062 179615.76059570312))",pier,0.1976509988307953
"POLYGON((550944.478515625 179557.4140625, 550949.11328125 179557.4140625, 550949.11328125 179561.24790039062, 550944.478515625 179561.24790039062, 550944.478515625 179557.4140625))",pier,0.21277961134910583
"POLYGON((550936.0696289062 179607.7813720703, 550943.5224609375 179607.7813720703, 550943.5224609375 179613.49633789062, 550936.0696289062 179613.49633789062, 550936.0696289062 179607.7813720703))",pier,0.170098215341568
"POLYGON((550920.149609375 179603.25, 550943.0243164062 179603.25, 550943.0243164062 179615.72263183593, 550920.149609375 179615.72263183593, 550920.149609375 179603.25))",pier,0.29103171825408936
"POLYGON((550873.9680664062 179562.67973632814, 550940.6895507813 179562.67973632814, 550940.6895507813 179615.20766601563, 550873.9680664062 179615.20766601563, 550873.9680664062 179562.67973632814))",pier,0.2307807058095932
"POLYGON((550892.4609375 179460.71015625, 550901.20546875 179460.71015625, 550901.20546875 179500.00888671874, 550892.4609375 179500.00888671874, 550892.4609375 179460.71015625))",pier,0.1834816038608551
"POLYGON((550918.9278320313 179423.43061523436, 550959.4048828125 179423.43061523436, 550959.4048828125 179483.51337890624, 550918.9278320313 179483.51337890624, 550918.9278320313 179423.43061523436))",pier,0.2586146295070648
"POLYGON((550866.6108398438 179424.178125, 550895.2849609375 179424.178125, 550895.2849609375 179460.94399414063, 550866.6108398438 179460.94399414063, 550866.6108398438 179424.178125))",pier,0.20627589523792267
"POLYGON((550924.9390625 179453.19326171876, 550955.183203125 179453.19326171876, 550955.183203125 179464.6310546875, 550924.9390625 179464.6310546875, 550924.9390625 179453.19326171876))",pier,0.2404741793870926
"POLYGON((550951.4552734375 179424.728125, 550973.553515625 179424.728125, 550973.553515625 179481.8626953125, 550951.4552734375 179481.8626953125, 550951.4552734375 179424.728125))",pier,0.3097805976867676
"POLYGON((550914.8744140625 179402.39331054688, 550925.8796875 179402.39331054688, 550925.8796875 179452.2859375, 550914.8744140625 179452.2859375, 550914.8744140625 179402.39331054688))",pier,0.18566106259822845
"POLYGON((550916.333984375 179396.79404296874, 550933.7280273438 179396.79404296874, 550933.7280273438 179423.54638671875, 550916.333984375 179423.54638671875, 550916.333984375 179396.79404296874))",pier,0.21953946352005005
"POLYGON((550959.6543945313 179390.66181640624, 550976.4872070312 179390.66181640624, 550976.4872070312 179423.4419433594, 550959.6543945313 179423.4419433594, 550959.6543945313 179390.66181640624))",pier,0.3253970742225647
"POLYGON((550919.4791015625 179232.49130859374, 550933.994921875 179232.49130859374, 550933.994921875 179273.2705078125, 550919.4791015625 179273.2705078125, 550919.4791015625 179232.49130859374))",pier,0.5057191252708435
"POLYGON((550192.0323242188 179221.2935546875, 550236.6182617188 179221.2935546875, 550236.6182617188 179237.1583984375, 550192.0323242188 179237.1583984375, 550192.0323242188 179221.2935546875))",pier,0.17481376230716705
"POLYGON((550869.283984375 179223.7406738281, 550885.4196289063 179223.7406738281, 550885.4196289063 179264.19985351563, 550869.283984375 179264.19985351563, 550869.283984375 179223.7406738281))",pier,0.15430006384849548
"POLYGON((550901.9587890625 179223.46318359376, 550930.8270507812 179223.46318359376, 550930.8270507812 179272.95219726564, 550901.9587890625 179272.95219726564, 550901.9587890625 179223.46318359376))",pier,0.4573211371898651
"POLYGON((550890.487109375 179219.8623046875, 550933.7458007813 179219.8623046875, 550933.7458007813 179231.8966796875, 550890.487109375 179231.8966796875, 550890.487109375 179219.8623046875))",pier,0.3281264901161194
"POLYGON((550913.8188476562 179040.36435546874, 551000.263671875 179040.36435546874, 551000.263671875 179056.74365234375, 550913.8188476562 179056.74365234375, 550913.8188476562 179040.36435546874))",pier,0.32084256410598755
"POLYGON((550896.511328125 179036.340234375, 550960.3127929687 179036.340234375, 550960.3127929687 179050.69189453125, 550896.511328125 179050.69189453125, 550896.511328125 179036.340234375))",pier,0.37294498085975647
"POLYGON((550893.493359375 179002.2755859375, 550960.9969726562 179002.2755859375, 550960.9969726562 179062.048828125, 550893.493359375 179062.048828125, 550893.493359375 179002.2755859375))",pier,0.16079621016979218
"POLYGON((550959.8528320312 179035.82978515624, 550999.0869140625 179035.82978515624, 550999.0869140625 179046.68779296876, 550959.8528320312 179046.68779296876, 550959.8528320312 179035.82978515624))",pier,0.19061626493930817
"POLYGON((550960.6009765625 179034.875, 550966.17734375 179034.875, 550966.17734375 179044.3849609375, 550960.6009765625 179044.3849609375, 550960.6009765625 179034.875))",pier,0.17598161101341248
"POLYGON((550924.79921875 179036.86982421874, 550959.0270507813 179036.86982421874, 550959.0270507813 179041.8509765625, 550924.79921875 179041.8509765625, 550924.79921875 179036.86982421874))",pier,0.21006052196025848