WKT,_predicate,SHAPE_Leng,SHAPE_Area
"MULTIPOLYGON (((600424.318 344572.267000001,600423.9 344569.27,600423.76 344568.279999999,600419.856 344568.827,600419.126 344568.929,600418.69 344568.99,600416.03 344569.35,600416.17 344570.34,600418.88 344569.970000001,600419.44 344569.892000001,600419.918 344569.824999999,600422.568 344569.456,600422.986 344572.452,600424.318 344572.267000001)))",INTERSECTS,23.65802521060,11.85894500450
"MULTIPOLYGON (((600496.696800001 344631.802700002,600488.598 344643.48,600487.849000002 344644.676999999,600485.370000001 344648.640000002,600484.970000001 344649.27,600485.800000001 344649.760000004,600486.240000001 344649.040000001,600488.505 344645.290999999,600489.226000002 344644.097999999,600489.3029 344643.970600002,600490.019000001 344644.469000002,600497.8874 344633.021000002,600498.000000002 344633.090000002,600498.210000001 344632.75,600498.1147 344632.690300003,600498.33 344632.377,600498.541 344632.072000001,600499.459 344632.759,600500.212000001 344631.753,600497.078000001 344629.405000001,600496.325000001 344630.412,600497.205 344631.071,600496.981 344631.392999999,600496.696800001 344631.802700002)))",INTERSECTS,59.07690763340,42.28286747050
"MULTIPOLYGON (((600418.2 344557.310000001,600417.88 344557.288000001,600416.0 344557.16,600415.91 344558.560000001,600417.807 344558.681,600418.11 344558.699999999,600418.598 344558.732999999,600423.3 344559.050000001,600423.4 344557.65,600418.486 344557.329,600418.2 344557.310000001)))",INTERSECTS,17.62890658180,10.36181499770
"MULTIPOLYGON (((600619.7 344315.720000001,600619.527 344315.686000001,600617.49 344315.279999999,600614.932 344314.771,600614.768 344316.501,600617.283 344316.933,600616.99 344319.279999999,600616.1 344319.09,600615.67 344323.880000001,600618.02 344324.039999999,600617.25 344329.99,600617.65 344330.1,600617.23 344333.15,600612.2 344332.85,600612.13 344333.359999999,600613.71 344333.470000001,600613.3 344336.73,600615.19 344337.34,600614.63 344339.720000001,600614.11 344339.59,600613.66 344341.34,600610.66 344340.76,600610.66 344341.59,600615.274 344342.727,600615.499 344342.782,600616.26 344342.970000001,600616.55 344343.039999999,600618.7 344335.42,600619.26 344333.48,600620.09 344324.17,600620.43 344319.289999999,600620.73 344315.93,600620.182 344315.818,600619.7 344315.720000001)))",INTERSECTS,84.83292998680,99.11863499870
"MULTIPOLYGON (((600420.948 344526.867000001,600420.24 344526.699999999,600419.51 344526.529999999,600419.31 344527.380000001,600420.45 344527.66,600420.806 344527.744999999,600421.585 344527.932,600427.24 344529.289999999,600427.76 344526.710000001,600425.87 344526.26,600425.49 344527.939999999,600421.617 344527.025,600420.948 344526.867000001)))",INTERSECTS,21.47114155150,10.67237199750
"MULTIPOLYGON (((600435.594 344586.895500001,600438.36 344586.550000001,600438.24 344585.560000001,600432.947 344586.222999999,600426.815 344586.992000001,600425.855 344587.112,600422.2 344587.57,600420.95 344587.720000001,600421.08 344588.710000001,600422.35 344588.550000001,600426.336 344588.051999999,600427.27 344587.935000001,600429.2951 344587.6821,600429.307 344587.950999999,600433.81 344587.986,600438.753 344588.532,600438.496 344587.046,600435.594 344586.895500001)))",INTERSECTS,44.64613633970,25.97348154790
"MULTIPOLYGON (((600537.013 344377.256999999,600537.0 344376.630000001,600536.99 344376.15,600536.19 344376.16,600536.2 344376.619999999,600536.213 344377.249,600536.224 344377.744000001,600536.33 344382.74,600533.49 344383.390000001,600529.207 344376.573999999,600528.002 344374.657,600527.52 344373.890000001,600527.252 344374.061000001,600527.153 344374.124,600526.67 344374.43,600532.9 344384.34,600537.14 344383.380000001,600537.025 344377.842,600537.013 344377.256999999)))",INTERSECTS,45.80659816630,19.94769449990
"MULTIPOLYGON (((601019.008372962 344203.354116395,601009.914883605 344203.375116397,601009.945736337 344202.211705465,601008.609999999 344202.16,601008.485 344198.091000002,601008.438 344196.564999999,601008.36 344194.030000003,601008.290000001 344191.890000004,601007.490000002 344191.91,601007.560000001 344194.140000001,601007.634000001 344196.518000001,601007.684000002 344198.107999999,601007.810000001 344202.16,601006.232325409 344202.17,601006.139767212 344203.662790988,601000.534171044 344203.620085523,601000.510318311 344205.590000002,601018.922814764 344205.294178139,601019.008372962 344203.354116395)))",INTERSECTS,63.11944716080,54.36485099940
"MULTIPOLYGON (((600554.566 344374.790999999,600554.49 344373.83,600554.39 344372.66,600553.4 344372.74,600553.5 344374.08,600553.583 344375.114,600553.648 344375.919,600554.1 344381.539999999,600545.25 344382.24,600545.32 344383.23,600555.17 344382.449999999,600554.624 344375.528999999,600554.566 344374.790999999)))",INTERSECTS,39.39303569300,18.63316250150
"MULTIPOLYGON (((600574.21 344380.18,600574.0 344378.939999999,600569.16 344379.57,600567.945 344374.092,600567.771 344373.309,600567.31 344371.23,600567.22 344370.83,600565.56 344370.960000001,600565.64 344371.32,600566.094 344373.378,600566.322 344374.412,600567.51 344379.789999999,600562.24 344380.48,600562.44 344381.73,600574.21 344380.18)))",INTERSECTS,44.25154488360,29.86160250450
"MULTIPOLYGON (((600590.675 344377.148,600590.408 344375.747,600588.714 344376.069,600587.161 344370.674000001,600586.663 344368.942,600586.106 344367.005999999,600586.013 344366.684,600584.126 344367.226,600584.203 344367.494000001,600584.827 344369.663000001,600585.213 344371.005000001,600586.777 344376.437000001,600583.099 344377.136,600583.366 344378.537,600590.675 344377.148)))",INTERSECTS,37.07454683930,29.60855700130
"MULTIPOLYGON (((600856.034 344237.126,600856.613 344239.737,600840.037 344243.944,600833.904 344245.501,600834.396 344247.438999999,600840.529 344245.881999999,600858.985 344241.198999999,600864.311 344240.017999999,600863.89 344238.119000001,600863.4628 344238.2138,600863.378 344237.880000001,600858.5431 344239.207,600858.012 344236.812000001,600857.106 344232.727,600857.069 344232.559,600856.966 344232.092,600856.711 344230.938999999,600856.069 344231.081,600855.124 344231.289999999,600854.759 344231.370999999,600855.022 344232.558,600855.092 344232.875,600855.124 344233.02,600856.034 344237.126)))",INTERSECTS,83.02991399050,79.57560967600
"MULTIPOLYGON (((600429.156 344582.411,600426.404 344574.537,600425.549 344574.835999999,600426.445 344577.398,600426.19 344577.470000001,600424.25 344578.02,600424.37 344578.43,600423.106 344578.778000001,600422.577 344578.923,600421.35 344579.26,600420.5 344579.49,600420.75 344580.449999999,600421.45 344580.25,600422.963 344579.822000001,600423.539 344579.659,600424.67 344579.34,600424.8 344579.779999999,600426.69 344579.242000001,600427.054 344579.138,600428.301 344582.710000001,600429.156 344582.411)))",INTERSECTS,31.23995465770,15.73970150250
"MULTIPOLYGON (((600428.806 344503.264,600427.08 344502.4,600425.87 344501.800000001,600425.32 344502.869999999,600426.5 344503.48,600428.248 344504.376,600428.574 344504.543,600434.5 344507.58,600432.769 344511.895,600427.577 344509.530999999,600426.294 344508.947000001,600423.847 344507.833000001,600423.403 344508.808,600426.09 344510.030999999,600427.067 344510.476,600432.37 344512.890000001,600433.68 344513.4,600436.19 344506.960000001,600429.135 344503.429,600428.806 344503.264)))",INTERSECTS,56.75276077150,33.02419949980
"MULTIPOLYGON (((600945.048 344220.540999999,600921.83 344225.52,600922.25 344227.476,600947.398 344222.083000001,600946.384 344217.046,600945.878 344214.533,600945.693 344213.615,600945.509 344212.702,600944.95 344212.813999999,600943.882 344213.028999999,600943.549 344213.096000001,600943.718 344213.934,600943.895 344214.810000001,600943.914 344214.905999999,600944.436 344217.5,600944.9083 344219.846899999,600944.908 344219.846999999,600945.048 344220.540999999)))",INTERSECTS,70.62940556090,66.63625986560
"MULTIPOLYGON (((600609.4 344352.997,600608.98 344352.66,600607.55 344351.51,600604.24 344355.960000001,600602.96 344355.189999999,600601.33 344357.43,600603.474 344359.054,600603.64 344359.18,600604.105 344359.527000001,600605.64 344360.67,600610.54 344353.91,600610.002 344353.479,600609.4 344352.997)))",INTERSECTS,27.38531343470,36.86525799830
"MULTIPOLYGON (((600454.69 344627.48,600455.906 344625.530999999,600456.147 344625.143999999,600459.67 344619.5,600461.19 344617.060000001,600461.39 344617.189999999,600464.062 344612.895,600466.74 344608.59,600465.06 344607.539999999,600462.114 344612.276000001,600459.71 344616.140000001,600460.12 344616.4,600458.65 344618.859999999,600455.324 344624.174000001,600455.041 344624.626,600453.73 344626.720000001,600452.46 344628.75,600453.49 344629.390000001,600454.69 344627.48)))",INTERSECTS,53.24437606690,37.72301149590
"MULTIPOLYGON (((600473.727 344389.255000001,600474.327 344387.187999999,600474.373 344387.030999999,600477.679 344375.647,600477.757 344375.378,600477.836 344375.105,600478.565 344372.596000001,600479.828 344368.244000001,600477.993 344367.710999999,600476.171 344373.982999999,600475.989 344374.608999999,600475.974 344374.66,600472.551 344386.448999999,600472.477 344386.705,600471.908 344388.664999999,600470.294 344394.222999999,600472.129 344394.755999999,600473.727 344389.255000001)))",INTERSECTS,59.03620152500,52.77975199820
"MULTIPOLYGON (((600562.307 344373.593,600562.1 344371.948999999,600561.919 344370.513,600560.742 344370.661,600560.938 344372.218,600561.121 344373.676000001,600561.26 344374.783,600561.734 344378.559,600562.912 344378.411,600562.424 344374.522,600562.307 344373.593)))",INTERSECTS,18.29376326980,9.44904099801
"MULTIPOLYGON (((600425.009 344548.646,600424.863 344543.037,600423.73 344542.789999999,600419.653 344541.890000001,600419.47 344541.85,600419.235 344541.798,600417.42 344541.4,600417.25 344542.18,600419.153 344542.601,600419.42 344542.66,600419.592 344542.698000001,600423.56 344543.57,600423.921 344543.649,600424.067 344549.225,600424.072 344549.42,600425.029 344549.395,600425.009 344548.646)))",INTERSECTS,28.34050570250,11.58860700090
"MULTIPOLYGON (((600986.406619945 344209.158410929,600985.179534421 344205.012246987,600983.756864784 344200.086696383,600982.680932805 344200.396187877,600984.306123491 344206.639767215,600985.006448901 344209.295061747,600986.081123493 344213.081551101,600999.285852733 344209.377907382,600998.873736338 344207.953558201,600987.012914481 344211.477201922,600986.406619945 344209.158410929)))",INTERSECTS,45.80676900710,18.82047899670
"MULTIPOLYGON (((601090.956 344213.571000002,601091.152 344213.566000002,601097.130495457 344213.334247217,601103.90669613 344212.667429227,601110.819551088 344211.332261652,601117.979000001 344209.421000002,601122.446000001 344208.263000002,601127.439 344206.233000001,601143.052 344197.162,601148.653 344194.140000001,601163.229463016 344185.727267189,601178.939193012 344176.302355058,601178.583409303 344174.811472349,601162.377158594 344184.75996086,601147.988000001 344192.908,601143.587 344195.282000002,601139.081 344186.320999999,601138.937000001 344186.035000002,601138.790000001 344185.744000001,601136.779000001 344181.745000001,601135.541000001 344182.367000004,601137.661000001 344186.582,601137.790000001 344186.839000002,601137.834000001 344186.926000001,601142.368000002 344195.940000001,601126.821 344204.972999999,601122.005 344206.931000002,601117.719 344208.041999998,601110.485105671 344209.946971796,601104.025147891 344211.090599652,601097.319726387 344211.947618671,601090.996 344212.17,601079.402207395 344211.619266896,601079.321792607 344212.562718662,601083.730665501 344212.873644721,601090.956 344213.571000002)))",INTERSECTS,179.19896535100,123.25589102200
"MULTIPOLYGON (((600614.54 344345.210000001,600614.333 344345.097999999,600614.15 344345.0,600613.29 344346.66,600610.22 344345.060000001,600609.86 344345.869999999,600612.627 344347.316,600612.71 344347.359999999,600612.975 344347.498,600614.36 344348.220000001,600615.63 344345.779999999,600614.632 344345.257999999,600614.54 344345.210000001)))",INTERSECTS,15.71824244500,7.64354999734
"MULTIPOLYGON (((600420.883489355 344512.666819377,600419.880465579 344514.872014198,600424.436545741 344516.861259807,600427.904001366 344518.375723895,600427.943699186 344517.730447607,600431.201085522 344519.400154365,600431.803023777 344518.459921576,600420.883489355 344512.666819377)))",INTERSECTS,25.54333168080,7.26093750159
"MULTIPOLYGON (((601028.107 344205.811000001,601027.664 344196.318,601027.583 344194.589,601027.535 344193.559,601027.454 344191.822000001,601026.224 344191.879000001,601026.305 344193.616,601026.356 344194.717,601026.436 344196.42,601026.872 344205.741,601022.136 344205.473999999,601022.053 344206.945,601029.792 344207.380999999,601029.875 344205.911,601028.107 344205.811000001)))",INTERSECTS,46.32398953780,28.58003099440
"MULTIPOLYGON (((600439.58 344615.898,600439.174 344616.562000001,600437.810000001 344618.789999999,600437.37 344619.510000002,600438.220000001 344620.030000001,600438.85 344619.010000002,600440.136000001 344616.908000002,600440.519000001 344616.280999999,600443.946500001 344610.3914,600445.020000001 344608.539999999,600447.828 344603.398999998,600449.27 344600.760000002,600448.39 344600.279999999,600447.07 344602.699000001,600444.15 344608.050000004,600439.910000001 344615.360000001,600439.58 344615.898)))",INTERSECTS,72.47566221570,40.30468549490
"MULTIPOLYGON (((600426.289000002 344534.477,600426.86 344532.140000001,600421.163000001 344531.221000001,600420.91 344531.18,600420.705000001 344531.145,600417.67007594 344530.535503551,600417.571781404 344531.556356283,600420.63 344532.142000003,600420.869999999 344532.180000002,600420.931000002 344532.190000001,600425.930000001 344533.000000002,600424.537061865 344538.830732338,600414.924947478 344537.259627042,600414.688886887 344538.546963839,600424.02317814 344540.478760116,600424.764883607 344540.546201922,600426.289000002 344534.477)))",INTERSECTS,29.46412688150,11.58944499790
"MULTIPOLYGON (((600537.91 344352.390000001,600537.035 344352.127,600536.395 344351.935000001,600536.386 344351.933,600536.375 344351.929,600536.364 344351.926000001,600535.625 344351.703,600535.223 344351.582,600534.22 344351.279999999,600533.14 344350.949999999,600532.99 344351.439999999,600532.85 344351.91,600533.88 344352.220000001,600534.864 344352.516000001,600535.158 344352.605,600536.271 344352.939999999,600536.853 344353.116,600537.83 344353.41,600539.1 344353.800000001,600539.39 344352.84,600537.91 344352.390000001)))",INTERSECTS,15.06480897970,6.52651800169
"MULTIPOLYGON (((600521.109000001 344644.494999999,600517.864 344648.998000002,600509.679763729 344660.166176768,600511.148008096 344660.871554585,600518.979 344649.935000001,600522.288000002 344645.344000002,600521.109000001 344644.494999999)))",INTERSECTS,32.27203020810,21.33154950280
"MULTIPOLYGON (((601041.846000002 344204.732999999,601041.616 344208.868000004,601041.35 344209.210999999,601040.881000002 344209.227,601040.123 344209.161000002,601034.374 344208.785,601034.07 344210.467000002,601055.453 344212.206000002,601055.540000001 344211.139,601055.589999999 344210.528999999,601047.221000001 344210.111,601044.848 344209.753,601043.530000001 344209.433,601043.302000001 344209.231999999,601043.245000001 344208.796,601043.615 344205.854355283,601044.357355285 344194.707447167,601042.814451763 344194.603239775,601041.846000002 344204.732999999)))",INTERSECTS,55.03523945300,43.01862000760
"MULTIPOLYGON (((600445.745000002 344475.177999999,600445.273000001 344475.238,600445.062597524 344475.495803954,600442.287397141 344474.016806157,600442.503764401 344473.614476137,600441.28875893 344472.99303871,600440.566852016 344473.848252943,600438.666152951 344472.766979609,600437.912195817 344473.979486777,600441.107471759 344476.081780955,600442.159841117 344474.736941472,600444.884000001 344476.357000001,600449.797000002 344479.078,600449.288000002 344479.997000001,600449.808000001 344480.285000004,600450.551 344480.697000002,600452.211 344477.699000001,600451.616000001 344477.396000002,600451.079 344477.065000001,600450.525 344477.963,600445.745000002 344475.177999999)))",INTERSECTS,21.13041017430,12.83985650620
"MULTIPOLYGON (((600417.488612488 344596.649531934,600416.711263303 344600.678394252,600422.561554856 344601.829406956,600432.176921576 344603.771790987,600434.687209016 344604.158496452,600435.120325409 344602.781527324,600430.009764725 344601.708945351,600418.655591487 344599.36873295,600419.154608999 344596.912785461,600417.488612488 344596.649531934)))",INTERSECTS,13.74627007210,6.36980150626
"MULTIPOLYGON (((600441.499000002 344482.446000004,600433.745886726 344479.08303648,600433.15568349 344480.19196846,600440.838000001 344483.832,600445.357 344486.235000001,600445.545000001 344486.335000003,600444.986 344487.104,600445.913000001 344487.777000001,600447.912999999 344485.021,600446.986 344484.348000001,600446.463 344485.07,600446.333000001 344484.950999999,600441.499000002 344482.446000004)))",INTERSECTS,20.02622384130,12.46796499970
"MULTIPOLYGON (((600462.115745749 344446.258034009,600461.966982996 344446.614542516,600457.625635005 344444.891787712,600457.162975173 344445.917821987,600461.496271256 344447.561965991,600461.378508503 344447.805491498,600465.763000001 344449.719000001,600466.164 344449.9,600465.758000001 344450.802000003,600466.695 344451.224000001,600468.118 344448.059,600467.181000001 344447.638000002,600466.8 344448.484999999,600466.367 344448.265000001,600462.115745749 344446.258034009)))",INTERSECTS,19.29720422650,11.55227400190
"MULTIPOLYGON (((600464.826999999 344438.561000001,600455.804046817 344435.919726755,600455.388632027 344437.337422885,600464.149000001 344440.192000002,600468.918000001 344442.086999999,600468.414000001 344442.886000004,600468.828 344443.104,600469.400000002 344443.406000003,600471.119 344440.154000003,600470.651000001 344439.885000004,600470.018000001 344439.491000002,600469.364 344440.540000001,600465.027 344438.647999998,600464.826999999 344438.561000001)))",INTERSECTS,20.10751916990,12.99764999930
"MULTIPOLYGON (((600428.828104327 344488.620874025,600428.256693397 344489.841665011,600439.55 344494.896,600439.022 344495.827000001,600439.247000001 344495.947000004,600440.28 344496.538000001,600441.982000001 344493.563999997,600440.908 344492.950000003,600440.715000001 344492.840000002,600440.138000001 344493.858999999,600428.828104327 344488.620874025)))",INTERSECTS,19.55524465410,10.19839500270
"MULTIPOLYGON (((600984.919000001 344211.771,600982.515000001 344204.345000004,600982.300000002 344203.680000002,600982.271 344203.592000002,600980.97 344199.570000002,600980.300000001 344199.790000001,600981.593000001 344203.774000002,600981.64 344203.920000002,600981.76 344204.289999999,600973.849 344206.682000004,600972.170000001 344207.190000001,600972.256000001 344207.473999999,600972.430000001 344208.050000001,600973.867000001 344207.616,600982.040000002 344205.150000004,600983.43620406 344210.67311986,600983.718898794 344211.83813604,600983.891305266 344212.612982998,600983.629 344212.66,600955.290000001 344219.559999999,600955.480000001 344220.340000004,600985.340000002 344213.070000002,600984.919000001 344211.771)))",INTERSECTS,109.78103761100,43.05497799900
"MULTIPOLYGON (((600797.791750531 344241.743809795,600796.541014194 344242.173220726,600798.465239888 344249.381921578,600799.836 344253.733000001,600781.068000001 344259.989,600781.446 344261.125,600801.515 344254.435000001,600800.206325409 344250.147325411,600797.791750531 344241.743809795)))",INTERSECTS,54.93768957930,32.59817801080
"MULTIPOLYGON (((600822.928061747 344237.601455998,600821.482914478 344237.858161461,600822.511000001 344244.717000002,600822.994 344248.355,600811.525000001 344251.153999999,600811.883999999 344252.626999998,600824.640999999 344249.514,600823.977000001 344244.477000002,600822.928061747 344237.601455998)))",INTERSECTS,46.18920882150,32.45338900790
"MULTIPOLYGON (((600471.723000002 344634.127000002,600470.988000001 344635.181,600469.530000002 344637.270000001,600469.02 344638.0,600469.84 344638.57,600470.450000001 344637.700000001,600471.746 344635.846000003,600472.401 344634.908999998,600476.305 344630.522000002,600482.146000001 344624.251000002,600484.730000001 344621.933000002,600483.519000001 344621.073999999,600481.183 344623.484000001,600477.1355 344627.935700001,600471.723000002 344634.127000002)))",INTERSECTS,66.81663755080,38.45955675880
"MULTIPOLYGON (((600912.57 344227.581,600889.599 344232.612,600890.027 344234.566,600914.894 344229.119000001,600914.535 344227.206,600914.5349 344227.206,600913.896 344223.801999999,600913.386 344221.085000001,600913.32 344220.731000001,600913.22 344220.196,600912.968 344218.853,600912.572 344216.737,600910.606 344217.105,600911.002 344219.221000001,600911.257 344220.58,600911.318 344220.908,600911.382 344221.247,600911.929 344224.164999999,600912.57 344227.581)))",INTERSECTS,76.22896670150,72.22942580490
"MULTIPOLYGON (((600459.352 344454.038000003,600454.175342568 344451.942255897,600453.600410588 344453.255882611,600458.893 344455.272000004,600459.647 344455.582000004,600462.524000001 344456.765000002,600463.531000001 344457.179,600463.105 344458.214,600464.195 344458.662,600465.502000001 344455.482000003,600464.413 344455.034000002,600464.028000001 344455.969000002,600463.102 344455.545000002,600459.352 344454.038000003)))",INTERSECTS,19.31621543170,10.75522750110
"MULTIPOLYGON (((600769.530688787 344246.154584099,600768.008719658 344246.478142295,600771.106465581 344260.787380062,600772.457760114 344260.51626366,600769.530688787 344246.154584099)))",INTERSECTS,14.86843527750,8.28637249917
"MULTIPOLYGON (((600437.225728745 344592.071931981,600435.207254253 344592.20293198,600423.33003977 344593.019812945,600423.389294023 344594.396999178,600434.874881789 344593.60386396,600437.203000001 344593.504609711,600437.225728745 344592.071931981)))",INTERSECTS,13.17582104090,6.01742049869
"MULTIPOLYGON (((600509.52540035 344641.44069613,600508.906718662 344642.277170427,600499.389467949 344654.730716912,600500.46488274 344655.552716913,600510.313585212 344643.588244369,600512.048036973 344641.732414791,600509.85153358 344639.991898676,600509.002073894 344640.897125944,600509.52540035 344641.44069613)))",INTERSECTS,23.28968022830,13.25166399940
"MULTIPOLYGON (((600453.538999999 344464.021000002,600453.430440736 344464.192980733,600450.01680222 344462.429441066,600449.456254316 344463.457536871,600452.858432815 344465.172622737,600452.750999999 344465.363000002,600457.037 344467.784000002,600457.416000001 344467.997,600456.818 344469.056000002,600457.873 344469.652000003,600459.665000001 344466.479000002,600458.610000002 344465.883000001,600458.044999999 344466.884,600457.562 344466.621000003,600453.538999999 344464.021000002)))",INTERSECTS,20.68688366190,11.90618850310
